"microbe","n","rank"
"s__Pseudomonas sp. SDM007",4225,1
"s__Pseudomonas sp. SWI36",3802,2
"s__Burkholderia sp. MSMB0266",3701,3
"c__Ignavibacteria",3600,4
"f__Melioribacteraceae",3600,5
"g__Melioribacter",3600,6
"k__unclassified-p__Ignavibacteriae",3600,7
"o__Ignavibacteriales",3600,8
"p__Ignavibacteriae",3600,9
"s__Melioribacter roseus",3600,10
"s__Phreatobacter stygius",3428,11
"s__Brachyspira murdochii",3409,12
"g__Clavibacter",3399,13
"s__Clavibacter zhangzhiyongii",3399,14
"s__Pseudomonas sp. CMR5c",3378,15
"s__Sphingomonas lacunae",3363,16
"s__Kitasatospora sp. NA04385",3325,17
"s__Tenacibaculum mesophilum",3317,18
"g__Turneriella",3292,19
"s__Turneriella parva",3292,20
"s__Pseudomonas qingdaonensis",3191,21
"s__Bacillus methanolicus",3155,22
"s__Diaphorobacter sp. HDW4A",3136,23
"s__Mycobacterium koreense",3052,24
"s__Pseudomonas alkylphenolica",2991,25
"g__Mumia",2952,26
"s__Mumia sp. ZJ1417",2952,27
"s__Candidatus Planktophila lacus",2949,28
"s__Sphingorhabdus lacus",2918,29
"s__Pseudomonas libanensis",2911,30
"s__Tardiphaga robiniae",2890,31
"c__Chthonomonadetes",2888,32
"f__Chthonomonadaceae",2888,33
"g__Chthonomonas",2888,34
"o__Chthonomonadales",2888,35
"s__Chthonomonas calidirosea",2888,36
"s__Corynebacterium nuruki",2883,37
"c__Ktedonobacteria",2870,38
"f__Ktedonosporobacteraceae",2870,39
"g__Ktedonosporobacter",2870,40
"o__Ktedonobacterales",2870,41
"s__Ktedonosporobacter rubrisoli",2870,42
"g__Sulfuricurvum",2860,43
"s__Sulfuricurvum kujiense",2860,44
"s__Sphingomonas sanguinis",2851,45
"f__Nakamurellaceae",2848,46
"g__Nakamurella",2848,47
"o__Nakamurellales",2848,48
"s__Nakamurella sp. s14-144",2848,49
"s__Mycobacterium sp. JS623",2846,50
"s__Micromonospora zamorensis",2836,51
"s__Aurantimicrobium sp. MWH-Mo1",2830,52
"f__Symbiobacteriaceae",2828,53
"g__Symbiobacterium",2828,54
"s__Symbiobacterium thermophilum",2828,55
"s__Pseudomonas sp. J380",2792,56
"g__Aquiluna",2771,57
"s__Burkholderia sp. DHOD12",2771,58
"s__Candidatus Aquiluna sp. UB-MaderosW2red",2771,59
"s__Microbacterium lushaniae",2769,60
"f__Saprospiraceae",2751,61
"g__Saprospira",2751,62
"s__Saprospira grandis",2751,63
"s__Polynucleobacter asymbioticus",2744,64
"s__Planococcus donghaensis",2733,65
"f__Glycomycetaceae",2718,66
"g__Natronoglycomyces",2718,67
"o__Glycomycetales",2718,68
"s__Natronoglycomyces albus",2718,69
"s__Plasmodium knowlesi",2713,70
"s__Staphylococcus haemolyticus",2700,71
"s__Pseudomonas sp. CCOS 191",2666,72
"s__Streptomyces sp. ZYC-3",2643,73
"s__Tenacibaculum dicentrarchi",2640,74
"s__Leptotrichia sp. oral taxon 847",2623,75
"g__Lawsonia",2622,76
"s__Lawsonia intracellularis",2622,77
"s__Pseudomonas sp. C27(2019)",2611,78
"g__Salinigranum",2610,79
"s__Salinigranum rubrum",2610,80
"s__Actinosynnema pretiosum",2608,81
"s__Pseudomonas sp. 7SR1",2597,82
"s__Pseudomonas sp. OE 28.3",2586,83
"s__Streptomyces sp. jing01",2584,84
"s__Anaerolinea thermophila",2564,85
"s__Cedecea neteri",2548,86
"s__Kitasatospora sp. MMS16-BH015",2547,87
"s__Burkholderia sp. LA-2-3-30-S1-D2",2544,88
"s__Streptomyces tuirus",2541,89
"s__Dickeya poaceiphila",2524,90
"s__Vibrio tritonius",2497,91
"g__Arcticibacterium",2472,92
"s__Arcticibacterium luteifluviistationis",2472,93
"f__unclassified-g__Nordella",2461,94
"g__Nordella",2461,95
"s__Nordella sp. HKS 07",2461,96
"s__Candidatus Kuenenia stuttgartiensis",2435,97
"g__unclassified-s__uncultured crAssphage",2417,98
"s__uncultured crAssphage",2417,99
"s__Sphingomonas wittichii",2412,100
"s__Bacillus mycoides",2409,101
"s__Bacillus sp. M4U3P1",2404,102
"s__Pseudomonas sp. SNU WT1",2389,103
"s__Legionella israelensis",2385,104
"g__Gemmobacter",2368,105
"s__Gemmobacter sp. HYN0069",2368,106
"s__Streptomyces alboflavus",2368,107
"s__Burkholderia territorii",2353,108
"s__Burkholderia sp. CCGE1003",2348,109
"g__Pseudolysobacter",2346,110
"s__Pseudolysobacter antarcticus",2346,111
"s__Rhodobacter blasticus",2343,112
"s__Staphylococcus virus CSA13",2339,113
"s__Mycobacterium paragordonae",2334,114
"s__Pseudomonas campi",2330,115
"s__Sphingomonas piscis",2330,116
"s__Polynucleobacter sp. LimPoW16",2329,117
"s__Sphingomonas melonis",2328,118
"g__Saccharothrix",2322,119
"s__Saccharothrix sp. 6-C",2322,120
"g__Filomicrobium",2316,121
"s__Candidatus Filomicrobium marinum",2316,122
"s__Ruminococcus albus",2316,123
"s__Phreatobacter cathodiphilus",2307,124
"f__Sphingosinicellaceae",2301,125
"g__Polymorphobacter",2301,126
"s__Polymorphobacter sp. PAMC 29334",2301,127
"s__Luteimonas yindakuii",2295,128
"s__Nonomuraea sp. ATCC 55076",2291,129
"s__Stenotrophomonas sp. ZAC14A_NAIMI4_1",2272,130
"s__Bacteroides luhongzhouii",2262,131
"s__Microbacterium oxydans",2260,132
"s__Porphyrobacter sp. CACIAM 03H1",2251,133
"f__unclassified-g__Massilistercora",2246,134
"g__Massilistercora",2246,135
"g__Solibaculum",2246,136
"s__Massilistercora timonensis",2246,137
"s__Solibaculum mannosilyticum",2246,138
"g__Aurantimicrobium",2245,139
"s__Meiothermus ruber",2237,140
"s__[Ochrobactrum] quorumnocens",2229,141
"s__Mycobacterium simiae",2229,142
"s__Pseudomonas vancouverensis",2227,143
"s__Mycobacterium riyadhense",2210,144
"s__Pseudomonas sp. 14181154",2192,145
"s__Candidatus Paracaedibacter acanthamoebae",2188,146
"s__Sphingobacterium psychroaquaticum",2187,147
"s__Cronobacter dublinensis",2186,148
"s__Burkholderia sp. MS455",2171,149
"s__Pseudomonas amygdali",2165,150
"s__Polynucleobacter necessarius",2164,151
"s__Mycobacterium tuberculosis",2151,152
"s__Porphyromonas crevioricanis",2146,153
"s__Pseudomonas sp. RW10S1",2144,154
"s__Mycobacterium frederiksbergense",2135,155
"s__Sphingomonas koreensis",2133,156
"g__Pseudorhodobacter",2124,157
"s__Pseudorhodobacter turbinis",2124,158
"s__Nocardia cyriacigeorgica",2121,159
"s__Streptomyces galilaeus",2121,160
"f__Acidimicrobiaceae",2119,161
"g__Acidimicrobium",2119,162
"s__Acidimicrobium ferrooxidans",2119,163
"g__Brevefilum",2112,164
"s__Brevefilum fermentans",2112,165
"s__Micromonospora krabiensis",2110,166
"s__Sphingomonas sp. NIC1",2109,167
"s__Stenotrophomonas sp. ASS1",2095,168
"s__Pseudomonas mosselii",2086,169
"s__Brettanomyces bruxellensis",2082,170
"s__Afipia carboxidovorans",2078,171
"s__Streptomyces cacaoi",2076,172
"s__Stenotrophomonas sp. WZN-1",2075,173
"s__Burkholderia metallica",2061,174
"s__Coxiella burnetii",2060,175
"s__Mycobacterium florentinum",2058,176
"c__unclassified-g__Ndongobacter",2052,177
"f__unclassified-g__Ndongobacter",2052,178
"g__Ndongobacter",2052,179
"o__unclassified-g__Ndongobacter",2052,180
"s__Micrococcus sp. KBS0714",2052,181
"s__Ndongobacter massiliensis",2052,182
"s__Pseudomonas thivervalensis",2048,183
"s__Mycobacteroides chelonae",2027,184
"s__Streptomyces nojiriensis",2024,185
"f__Schleiferiaceae",2022,186
"g__Croceimicrobium",2022,187
"s__Croceimicrobium hydrocarbonivorans",2022,188
"s__Pseudomonas sp. RD8MR3",2022,189
"g__Actinoalloteichus",2014,190
"c__Kiritimatiellae",2012,191
"f__Kiritimatiellaceae",2012,192
"g__Kiritimatiella",2012,193
"k__unclassified-p__Kiritimatiellaeota",2012,194
"o__Kiritimatiellales",2012,195
"p__Kiritimatiellaeota",2012,196
"s__Kiritimatiella glycovorans",2012,197
"s__Streptococcus canis",2000,198
"s__Pseudomonas sp. COW39",1992,199
"g__Obesumbacterium",1987,200
"s__Obesumbacterium proteus",1987,201
"s__Gemella morbillorum",1986,202
"g__Denitrobacterium",1983,203
"s__Denitrobacterium detoxificans",1983,204
"s__Clostridium bornimense",1982,205
"s__Caproiciproducens sp. 7D4C2",1969,206
"s__Prochlorococcus marinus",1969,207
"s__Pseudomonas sp. PDNC002",1969,208
"s__Sphingomonas sp. YZ-8",1969,209
"g__Actinocatenispora",1968,210
"s__Actinocatenispora thailandica",1968,211
"f__Parachlamydiaceae",1965,212
"s__Sphingomonas sp. FARSPH",1962,213
"s__Pseudomonas bijieensis",1958,214
"s__Pseudomonas sp. PONIH3",1958,215
"g__Caproicibacterium",1952,216
"s__Caproicibacterium amylolyticum",1952,217
"s__Streptococcus porcinus",1950,218
"s__Mycobacterium paraintracellulare",1949,219
"s__Bacillus sp. PAMC26568",1934,220
"s__Pseudomonas taetrolens",1934,221
"s__Candidatus Nitrospira inopinata",1930,222
"g__Urechidicola",1928,223
"s__Urechidicola croceus",1928,224
"s__Streptomyces lavendulae",1927,225
"s__Arachidicoccus sp. BS20",1923,226
"g__Acetomicrobium",1914,227
"s__Acetomicrobium mobile",1914,228
"s__Encephalitozoon intestinalis",1913,229
"s__Mycobacterium gordonae",1913,230
"s__Bifidobacterium asteroides",1904,231
"s__Eremothecium cymbalariae",1903,232
"s__Streptomyces incarnatus",1903,233
"s__Sphingomonas ginsengisoli An et al. 2013",1898,234
"s__Streptococcus sp. HSISM1",1897,235
"s__Clostridium sp. JN-1",1896,236
"s__Phreatobacter sp. NMCR1094",1894,237
"s__Plasmodium gaboni",1890,238
"g__Kineobactrum",1889,239
"s__Kineobactrum salinum",1889,240
"s__Marinobacter sp. LV10R510-11A",1882,241
"s__Mycobacterium spongiae",1882,242
"s__Pseudomonas sp. RW9S1A",1856,243
"s__Pseudomonas sp. B11D7D",1854,244
"s__Moraxella cuniculi",1853,245
"s__Microbacterium sp. PM5",1848,246
"s__Bacteroides cellulosilyticus",1843,247
"s__Microbacterium foliorum",1842,248
"s__Bacillus altitudinis",1838,249
"s__Candidatus Planktophila dulcis",1838,250
"s__Synechococcus sp. JA-2-3B'a(2-13)",1837,251
"s__Leptotrichia sp. oral taxon 218",1836,252
"s__Candidatus Hodgkinia cicadicola",1832,253
"s__Gemella sp. ND 6198",1830,254
"g__Blautia",1823,255
"f__Phreatobacteraceae",1817,256
"g__Phreatobacter",1817,257
"s__Clostridium butyricum",1807,258
"g__Neospora",1800,259
"s__Neospora caninum",1800,260
"s__Rhodobacter sp. N10",1800,261
"s__Yersinia canariae",1792,262
"s__Corynebacterium sp. zg-320",1791,263
"s__Burkholderia ambifaria",1785,264
"f__Cryptosporidiidae",1763,265
"g__Cryptosporidium",1763,266
"s__Cryptosporidium parvum",1763,267
"s__Kitasatospora setae",1763,268
"s__Clostridium estertheticum",1762,269
"s__Sphingomonas sp. C33",1760,270
"s__Butyrivibrio hungatei",1758,271
"s__Caproiciproducens sp. NJN-50",1758,272
"s__Aquimarina sp. TRL1",1754,273
"g__Caproiciproducens",1749,274
"g__Lelliottia",1748,275
"s__Ochrobactrum sp. MT180101",1738,276
"s__Streptococcus urinalis",1734,277
"g__Natrarchaeobaculum",1733,278
"s__Encephalitozoon cuniculi",1728,279
"s__Prevotella sp. oral taxon 475",1726,280
"g__Actinosynnema",1719,281
"s__Clostridium sp. DL-VIII",1717,282
"s__Streptococcus sanguinis",1707,283
"s__Synechococcus sp. CC9902",1703,284
"s__Corynebacterium glaucum",1699,285
"s__Streptococcus ilei",1691,286
"g__Cloacibacillus",1683,287
"s__Cloacibacillus porcorum",1683,288
"s__Comamonas koreensis",1679,289
"g__Yimella",1678,290
"s__Yimella sp. cx-51",1678,291
"f__Thermomonosporaceae",1676,292
"s__Clostridium kluyveri",1675,293
"s__Mycobacterium marinum",1669,294
"s__Streptomyces lydicus",1654,295
"g__Asaia",1652,296
"s__Asaia bogorensis",1652,297
"s__Alistipes finegoldii",1651,298
"s__Naumovozyma castellii",1647,299
"s__Mycobacterium leprae",1646,300
"g__Sinimarinibacterium",1635,301
"s__Sinimarinibacterium sp. NLF-5-8",1635,302
"s__Pseudomonas sp. Leaf58",1629,303
"s__Burkholderia vietnamiensis",1625,304
"s__Sphingomonas sp. LMO-1",1624,305
"s__Streptomyces ferrugineus",1623,306
"g__Rhodoluna",1622,307
"s__Candidatus Planktophila versatilis",1622,308
"s__Candidatus Rhodoluna planktonica",1622,309
"s__Hyphomicrobium nitrativorans",1620,310
"s__Micromonospora maris",1620,311
"s__Pseudomonas sp. COW40",1619,312
"s__Agrobacterium tumefaciens",1612,313
"s__Oscillibacter valericigenes",1607,314
"s__Candidatus Nitrosotalea okcheonensis",1604,315
"s__Blautia sp. SC05B48",1602,316
"s__Streptococcus sobrinus",1591,317
"g__Afipia",1590,318
"s__Acinetobacter lanii",1571,319
"g__Actinomadura",1567,320
"s__Actinomadura sp. WMMB 499",1567,321
"s__Bacillus toyonensis",1567,322
"s__Bordetella holmesii",1563,323
"s__Pseudonocardia dioxanivorans",1563,324
"s__Acinetobacter dispersus",1560,325
"g__Serpentinomonas",1552,326
"s__Serpentinomonas raichei",1552,327
"s__Sphingomonas sp. LK11",1551,328
"s__Burkholderia stabilis",1544,329
"f__Thermoguttaceae",1540,330
"g__Thermogutta",1540,331
"s__Thermogutta terrifontis",1540,332
"s__Lelliottia amnigena",1529,333
"s__Hydrogenophaga sp. PBL-H3",1523,334
"s__Candidatus Methylopumilus turicensis",1521,335
"s__Plasmodium malariae",1513,336
"s__Natrarchaeobaculum aegyptiacum",1495,337
"s__Methylobacterium sp. 4-46",1490,338
"s__Sphingomonas sp. AAP5",1487,339
"s__Leishmania donovani",1485,340
"s__Bifidobacterium pullorum",1484,341
"g__Panacibacter",1481,342
"s__Panacibacter ginsenosidivorans",1481,343
"g__Fulvivirga",1468,344
"s__Fulvivirga sp. S481",1468,345
"s__Sphingomonas sp. NBWT7",1468,346
"s__Flammeovirga sp. MY04",1465,347
"s__Pseudomonas fluorescens",1459,348
"g__Rickettsiella",1458,349
"s__Candidatus Rickettsiella viridis",1458,350
"s__Pseudomonas mendocina",1458,351
"s__Anaerocolumna sedimenticola",1457,352
"g__Weizmannia",1456,353
"s__Weizmannia coagulans",1456,354
"s__Capnocytophaga sputigena",1443,355
"g__Filimonas",1436,356
"s__Filimonas lacunae",1436,357
"s__Swingsia sp. F3b2",1436,358
"s__Sphingomonas sp. CL5.1",1429,359
"s__Corynebacterium choanae",1425,360
"s__Sutterella wadsworthensis",1417,361
"s__Bacillus sp. N1-1",1406,362
"s__Akkermansia glycaniphila",1405,363
"s__Staphylococcus saccharolyticus",1403,364
"s__Agrobacterium rubi",1401,365
"s__Anaerolinea sp. 'rifampicinis'",1400,366
"s__Staphylococcus nepalensis",1394,367
"s__Parabacteroides goldsteinii",1388,368
"s__Clostridium sp. SY8519",1387,369
"s__Butyrivibrio fibrisolvens",1379,370
"s__Campylobacter gracilis",1379,371
"s__Fusobacterium ulcerans",1377,372
"s__Comamonas sp. CJ34",1372,373
"s__Sphingomonas sp. KC8",1372,374
"f__Egibacteraceae",1368,375
"g__Egibacter",1368,376
"o__Egibacterales",1368,377
"s__Egibacter rhizosphaerae",1368,378
"s__Mycobacterium xenopi",1366,379
"s__Microbacterium sp. A18JL200",1365,380
"s__Candidatus Endolissoclinum faulkneri",1360,381
"f__Labilitrichaceae",1357,382
"g__Labilithrix",1357,383
"s__Labilithrix luteola",1357,384
"s__Bifidobacterium bifidum",1356,385
"s__Methanobrevibacter smithii",1355,386
"s__Lachnoclostridium phytofermentans",1353,387
"s__Oscillibacter sp. MM35",1351,388
"g__Microvirgula",1348,389
"s__Microvirgula aerodenitrificans",1348,390
"s__Oscillibacter sp. NSJ-62",1342,391
"s__[Clostridium] hylemonae",1339,392
"s__Rhodoferax ferrireducens",1339,393
"s__Sphingomonas xanthus",1335,394
"s__Sutterella megalosphaeroides",1334,395
"g__Nibricoccus",1333,396
"s__Nibricoccus aquaticus",1333,397
"s__Actinoalloteichus hoggarensis",1330,398
"g__Fuerstia",1325,399
"s__Fuerstia marisgermanicae",1325,400
"g__Pulveribacter",1317,401
"s__Pulveribacter suum",1317,402
"f__unclassified-g__Pseudorhodoplanes",1315,403
"g__Pseudorhodoplanes",1315,404
"s__Pseudorhodoplanes sinuspersici",1315,405
"s__Clostridium sp. MF28",1310,406
"s__Butyricimonas virosa",1307,407
"s__Clostridium argentinense",1307,408
"s__Corynebacterium sp. 2039",1307,409
"g__Butyricimonas",1304,410
"s__Pseudomonas sp. BJP69",1297,411
"s__Pseudomonas litoralis",1292,412
"g__Neochlamydia",1291,413
"s__Neochlamydia sp. S13",1291,414
"s__Corynebacterium aurimucosum",1289,415
"g__Collimonas",1283,416
"s__Collimonas arenae",1283,417
"s__Legionella sp. TUM19329",1277,418
"s__Leishmania braziliensis",1276,419
"s__Comamonas sp. Y33R10-2",1274,420
"s__Olsenella sp. oral taxon 807",1274,421
"f__Vallitaleaceae",1273,422
"g__Petrocella",1273,423
"g__Pseudobutyrivibrio",1273,424
"s__Petrocella atlantisensis",1273,425
"s__Pseudobutyrivibrio xylanivorans",1273,426
"s__Candidatus Nanosynbacter lyticus",1272,427
"f__Silvanigrellaceae",1270,428
"g__Silvanigrella",1270,429
"o__Silvanigrellales",1270,430
"s__Silvanigrella aquatica",1270,431
"s__Amycolatopsis sp. YIM 10",1265,432
"s__Pseudomonas sp. NC02",1263,433
"s__Pseudomonas entomophila",1262,434
"s__Methylorubrum extorquens",1258,435
"s__Pseudomonas protegens",1257,436
"s__Acinetobacter wanghuae",1256,437
"s__Streptomyces prasinus",1254,438
"c__Anaerolineae",1253,439
"f__Anaerolineaceae",1253,440
"o__Anaerolineales",1253,441
"k__unclassified-c__Candidatus",1249,442
"p__unclassified-c__Candidatus",1249,443
"s__Candidatus Babela massiliensis",1249,444
"s__Streptococcus salivarius",1243,445
"s__Alistipes shahii",1239,446
"s__Streptococcus parasanguinis",1237,447
"g__Granulibacter",1235,448
"s__Granulibacter bethesdensis",1235,449
"s__Mycobacterium haemophilum",1228,450
"s__Streptomyces griseorubiginosus",1228,451
"s__Comamonas aquatica",1226,452
"g__Phnomibacter",1225,453
"s__Phnomibacter ginsenosidimutans",1225,454
"s__Sphingomonas sp. Cra20",1216,455
"s__Sphingomonas daechungensis",1214,456
"g__Pelolinea",1213,457
"s__Borrelia sp. A-FGy1",1213,458
"s__Pelolinea submarina",1213,459
"s__Pseudomonas sp. FGI182",1210,460
"s__Bacteroides caccae",1209,461
"s__Streptococcus sp. oral taxon 431",1207,462
"s__Pseudomonas eucalypticola",1204,463
"s__Streptococcus chenjunshii",1196,464
"s__Fusobacterium gonidiaformans",1195,465
"s__Synechococcus sp. RSCCF101",1195,466
"s__Microbacterium sp. WY121",1192,467
"s__Candidatus Erwinia haradaeae",1191,468
"s__Cutibacterium modestum",1191,469
"c__unclassified-o__Gloeoemargaritales",1184,470
"f__Gloeomargaritaceae",1184,471
"g__Gloeomargarita",1184,472
"o__Gloeoemargaritales",1184,473
"s__Gloeomargarita lithophora",1184,474
"s__Methylobacterium aquaticum",1183,475
"g__Butyrivibrio",1181,476
"s__Streptococcus ratti",1179,477
"f__unclassified-g__Rubrivivax",1175,478
"g__Rubrivivax",1175,479
"s__Rubrivivax gelatinosus",1175,480
"s__Stenotrophomonas sp. ESTM1D_MKCIP4_1",1175,481
"s__Candidatus Mycoplasma haemolamae",1174,482
"s__Candidatus Saccharimonas aalborgensis",1166,483
"s__Corynebacterium sp. FDAARGOS 1242",1164,484
"o__Parachlamydiales",1160,485
"s__Sphingomonas paucimobilis",1154,486
"s__Bacillus anthracis",1153,487
"s__Candidatus Planktophila sulfonica",1149,488
"s__Mus musculus mobilized endogenous polytropic provirus",1145,489
"f__Ceratobasidiaceae",1144,490
"g__Rhizoctonia",1144,491
"o__Cantharellales",1144,492
"s__Arachidicoccus ginsenosidivorans",1144,493
"s__Rhizoctonia solani",1144,494
"s__Stenotrophomonas rhizophila",1143,495
"c__Conexivisphaeria",1138,496
"f__Conexivisphaeraceae",1138,497
"g__Conexivisphaera",1138,498
"o__Conexivisphaerales",1138,499
"s__Conexivisphaera calida",1138,500
"f__Phycisphaeraceae",1136,501
"g__Poriferisphaera",1136,502
"o__Phycisphaerales",1136,503
"s__Poriferisphaera corsica",1136,504
"s__Burkholderia contaminans",1135,505
"f__Fluviibacteraceae",1133,506
"g__Fluviibacter",1133,507
"s__Burkholderia glumae",1133,508
"s__Fluviibacter phosphoraccumulans",1133,509
"s__Corynebacterium maris",1130,510
"s__Microbacterium paraoxydans",1129,511
"c__Opitutae",1122,512
"f__Opitutaceae",1122,513
"o__Opitutales",1122,514
"s__Corynebacterium sp. zg-917",1119,515
"s__Synechococcus sp. CBW1004",1114,516
"s__Neisseria sicca",1111,517
"s__Megasphaera stantonii",1106,518
"c__Nitriliruptoria",1094,519
"s__Fusarium graminearum",1091,520
"s__Staphylococcus cohnii",1090,521
"f__Brachyspiraceae",1089,522
"g__Brachyspira",1089,523
"o__Brachyspirales",1089,524
"s__Delftia sp. HK171",1088,525
"s__Pseudomonas sp. TCU-HL1",1088,526
"s__Staphylococcus epidermidis",1087,527
"g__Dactylococcopsis",1078,528
"s__Dactylococcopsis salina",1078,529
"s__Streptomyces liangshanensis",1075,530
"g__Phenylobacterium",1072,531
"s__Phenylobacterium parvum",1072,532
"s__Pseudomonas antarctica",1072,533
"s__Streptomyces venezuelae",1069,534
"f__Christensenellaceae",1065,535
"g__Christensenella",1065,536
"s__Christensenella minuta",1065,537
"s__Corynebacterium simulans",1065,538
"s__Hyphomicrobium denitrificans",1065,539
"s__Pseudomonas psychrotolerans",1063,540
"s__Gemmatimonas phototrophica",1062,541
"s__Sphingomonas sp. HMP6",1062,542
"s__Bacteroides intestinalis",1059,543
"s__Haemophilus haemolyticus",1057,544
"s__Porphyromonas sp. oral taxon 275",1055,545
"s__Citrobacter braakii",1054,546
"c__Thermoleophilia",1053,547
"f__Miltoncostaeaceae",1053,548
"g__Miltoncostaea",1053,549
"o__Miltoncostaeales",1053,550
"s__Miltoncostaea marina",1053,551
"g__Planctomyces",1051,552
"s__Planctomyces sp. SH-PL14",1051,553
"s__Burkholderia cepacia",1037,554
"s__Bacteroides coprosuis",1036,555
"s__Dietzia sp. oral taxon 368",1031,556
"g__Aerosticca",1020,557
"s__Aerosticca soli",1020,558
"g__Leifsonia",1018,559
"s__Streptomyces rutgersensis",1018,560
"g__Sphingorhabdus",1017,561
"s__Propionibacterium australiense",1016,562
"g__Pseudocnuella",1011,563
"s__Pseudocnuella soli",1011,564
"s__Candidatus Nitrosopelagicus brevis",1010,565
"f__Sutterellaceae",1006,566
"g__Sutterella",1006,567
"g__Kutzneria",999,568
"s__Kutzneria sp. CA-103260",999,569
"g__Ereboglobus",998,570
"s__Ereboglobus luteus",998,571
"s__Prevotella multiformis",998,572
"s__Candidatus Symbiobacter mobilis",997,573
"s__Pseudomonas sp. SK",995,574
"g__Thalassoglobus",994,575
"s__Aromatoleum petrolei",994,576
"s__Thalassoglobus polymorphus",994,577
"g__Arachidicoccus",984,578
"g__Atopobium",984,579
"s__Atopobium sp. oral taxon 416",984,580
"s__Bacillus sp. 1NLA3E",982,581
"s__Paenarthrobacter sp. YJN-D",979,582
"g__Oleiharenicola",977,583
"s__Methylobacterium indicum",977,584
"s__Oleiharenicola sp. KSB-15",977,585
"s__Enterococcus faecium",976,586
"s__Leptotrichia sp. oral taxon 498",976,587
"s__Acinetobacter indicus",968,588
"s__Mycobacterium branderi",968,589
"s__Kingella denitrificans",965,590
"g__Stigmatella",961,591
"s__Stigmatella aurantiaca",961,592
"g__Methylorubrum",959,593
"s__Elizabethkingia sp. JS20170427COW",958,594
"s__Corynebacterium genitalium",955,595
"s__Cupriavidus basilensis",955,596
"s__Prevotella jejuni",955,597
"s__Microbacterium aurum",953,598
"s__Sphingomonas sp. MM-1",953,599
"s__Pseudomonas sp. SK2",951,600
"s__Gemmatimonas sp. TET16",945,601
"s__[Eubacterium] cellulosolvens",944,602
"s__Sphingomonas sp. PAMC26645",939,603
"g__Clostridioides",938,604
"s__Clostridioides difficile",938,605
"s__Pseudomonas sp. TKP",935,606
"g__Actinomarinicola",932,607
"s__Actinomarinicola tropica",932,608
"s__Streptococcus sp. HKU75",931,609
"g__Symmachiella",930,610
"s__Symmachiella dynata",930,611
"s__Fusobacterium sp. NSJ-57",928,612
"s__Streptococcus gwangjuense",927,613
"f__Halobacteriovoraceae",922,614
"g__Halobacteriovorax",922,615
"o__Bacteriovoracales",922,616
"s__Halobacteriovorax sp. BALOs_7",922,617
"s__Pseudomonas sediminis",922,618
"s__Bacillus paranthracis",921,619
"s__Stenotrophomonas sp. DR822",916,620
"s__Streptomyces griseoviridis",915,621
"s__Pyricularia oryzae",912,622
"c__Candidatus",910,623
"g__Lacibacter",909,624
"s__Lacibacter sp. S13-6-6",909,625
"s__Pseudomonas sp. COR54",909,626
"f__Barnesiellaceae",907,627
"g__Barnesiella",907,628
"s__Barnesiella viscericola",907,629
"s__Butyricimonas faecalis",906,630
"c__Saprospiria",903,631
"o__Saprospirales",903,632
"s__Dechloromonas sp. TW-R-39-2",902,633
"s__Sphingomonas taxi",902,634
"s__Borrelia anserina",900,635
"s__Bacillus pseudomycoides",898,636
"s__Aspergillus fumigatus",897,637
"g__Anaerolinea",896,638
"s__Streptococcus oralis",896,639
"s__Acinetobacter schindleri",895,640
"s__Methylobacterium brachiatum",895,641
"c__Dothideomycetes",891,642
"f__Mycosphaerellaceae",891,643
"g__Cercospora",891,644
"g__Nonomuraea",891,645
"o__Mycosphaerellales",891,646
"s__Cercospora beticola",891,647
"s__Bacillus sp. S3",890,648
"g__Salinibacter",887,649
"s__Salinibacter ruber",887,650
"s__Nitrospira sp. KM1",886,651
"s__Candidatus Sulcia muelleri",884,652
"f__unclassified-g__Flintibacter",883,653
"g__Flintibacter",883,654
"s__Flintibacter sp. KGMB00164",883,655
"s__Streptococcus mitis",874,656
"s__Weissella diestrammenae",874,657
"s__Pseudomonas viridiflava",873,658
"s__Treponema sp. Marseille-Q4132",872,659
"s__Pseudomonas syringae",869,660
"f__Dermacoccaceae",868,661
"s__Alistipes communis",868,662
"f__Streptosporangiaceae",866,663
"s__Ruminococcus champanellensis",863,664
"s__Leptotrichia shahii",862,665
"s__Rhodoferax antarcticus",861,666
"g__Naumovozyma",859,667
"s__Sphingomonas panacisoli",859,668
"g__Frigoriglobus",857,669
"s__Frigoriglobus tundricola",857,670
"c__Vicinamibacteria",855,671
"f__Vicinamibacteraceae",855,672
"g__Luteitalea",855,673
"o__unclassified-f__Vicinamibacteraceae",855,674
"s__Luteitalea pratensis",855,675
"f__Dysgonomonadaceae",853,676
"g__Selenomonas",848,677
"s__Selenomonas ruminantium",848,678
"s__Tessaracoccus timonensis",846,679
"s__Corynebacterium riegelii",843,680
"s__Corynebacterium singulare",843,681
"s__Dialister pneumosintes",842,682
"s__Staphylococcus virus Andhra",840,683
"s__Parabacteroides distasonis",839,684
"g__Dermacoccus",838,685
"s__Dermacoccus nishinomiyaensis",838,686
"s__Streptomyces paludis",838,687
"s__Polynucleobacter sp. MWH-CaK5",837,688
"s__Luteolibacter sp. 32A",833,689
"g__Polystyrenella",832,690
"s__Polystyrenella longa",832,691
"s__Dechloromonas sp. HYN0024",829,692
"g__Paraflavitalea",827,693
"s__Paraflavitalea soli",827,694
"s__Actinomyces sp. HMT 175",823,695
"s__Lysobacter solisilvae (ex Kim et al. 2021)",822,696
"s__Burkholderia cenocepacia",818,697
"s__Plasmodium falciparum",818,698
"f__Rhodocyclaceae",814,699
"s__Prevotella ruminicola",812,700
"s__Streptococcus pseudopneumoniae",811,701
"g__Cereibacter",808,702
"g__Scardovia",808,703
"s__Cereibacter sphaeroides",808,704
"s__Providencia rettgeri",808,705
"s__Scardovia inopinata",808,706
"f__Thioalkalibacteraceae",803,707
"g__Guyparkeria",803,708
"s__Guyparkeria halophila",803,709
"s__Stenotrophomonas sp. G4",802,710
"s__Bifidobacterium animalis",801,711
"g__Aminobacterium",800,712
"s__Aminobacterium colombiense",800,713
"s__Bacillus siamensis",800,714
"s__Clostridium septicum",800,715
"s__Pseudonocardia autotrophica",797,716
"s__Corynebacterium imitans",795,717
"g__Dialister",794,718
"g__Aromatoleum",792,719
"g__Maricaulis",792,720
"s__Maricaulis maris",792,721
"g__Iamia",791,722
"s__Borrelia crocidurae",791,723
"s__Clostridium sp. C1",791,724
"s__Iamia sp. SCSIO 61187",791,725
"s__Eggerthella lenta",784,726
"s__Bacteroides salyersiae",778,727
"s__Acinetobacter junii",777,728
"g__Paraprevotella",773,729
"s__Anaerocolumna cellulosilytica",773,730
"s__Paraprevotella xylaniphila",773,731
"g__Longicatena",772,732
"s__Leptotrichia sp. oral taxon 221",772,733
"s__Longicatena caecimuris",772,734
"s__Hyphomicrobium sp. MC1",771,735
"f__Paludibacteraceae",769,736
"g__Paludibacter",769,737
"s__Paludibacter propionicigenes",769,738
"s__Plasmodium chabaudi",769,739
"s__Sphingobacterium multivorum",769,740
"s__Gemella haemolysans",768,741
"s__Enterobacter kobei",767,742
"g__Anaerocolumna",766,743
"s__Streptococcus sp. 116-D4",766,744
"s__Alistipes dispar",760,745
"s__Achromobacter sp. AONIH1",758,746
"s__Candidatus Protochlamydia naegleriophila",758,747
"g__Erysipelatoclostridium",757,748
"s__Erysipelatoclostridium ramosum",757,749
"s__Corynebacterium liangguodongii",756,750
"s__Synechococcus sp. PCC 7336",755,751
"g__Andhravirus",753,752
"s__Roseomonas sp. 1318",750,753
"s__Amycolatopsis mediterranei",746,754
"g__Petrimonas",744,755
"s__Petrimonas mucosa",744,756
"s__Treponema socranskii",744,757
"s__Streptococcus equi",742,758
"g__Tetrapisispora",740,759
"s__Tetrapisispora blattae",740,760
"g__Coprococcus",739,761
"s__Coprococcus catus",739,762
"g__Schaalia",738,763
"s__Pandoraea oxalativorans",737,764
"f__Maricaulaceae",735,765
"o__Maricaulales",735,766
"s__Nonomuraea nitratireducens",734,767
"s__Kocuria palustris",732,768
"s__Bacillus velezensis",731,769
"g__Aquaspirillum",727,770
"s__Aquaspirillum sp. LM1",727,771
"g__Actinotignum",726,772
"s__Actinotignum schaalii",726,773
"s__Roseomonas sp. 546",726,774
"s__Pseudomonas citronellolis",723,775
"s__Pseudomonas sp. MSPm1",723,776
"s__Bacillus atrophaeus",722,777
"s__Sphingomonas sp. MK52",721,778
"s__Gemella sanguinis",720,779
"f__Haliscomenobacteraceae",719,780
"g__Haliscomenobacter",719,781
"g__Kluyveromyces",719,782
"s__Haliscomenobacter hydrossis",719,783
"s__Kluyveromyces marxianus",719,784
"f__Steroidobacteraceae",718,785
"g__Steroidobacter",718,786
"s__Steroidobacter denitrificans",718,787
"f__Dermatophilaceae",717,788
"g__Austwickia",717,789
"s__Austwickia chelonae",717,790
"s__Corynebacterium argentoratense",714,791
"s__Fusobacterium necrophorum",714,792
"s__Pseudomonas fragi",714,793
"s__Corynebacterium kutscheri",713,794
"s__Enterobacter cloacae",713,795
"s__Pseudonocardia sp. CGMCC 4.1532",712,796
"s__Pseudomonas sp. S07E 245",710,797
"s__Synechococcus sp. PCC 7502",710,798
"f__Tsukamurellaceae",709,799
"g__Tsukamurella",709,800
"s__Staphylococcus hominis",707,801
"f__Acidaminococcaceae",705,802
"g__Acidaminococcus",705,803
"o__Acidaminococcales",705,804
"s__Acidaminococcus intestini",705,805
"g__Aureliella",704,806
"s__Aureliella helgolandensis",704,807
"s__Streptococcus gordonii",703,808
"s__Mycobacterium conspicuum",701,809
"g__Archangium",700,810
"s__Lachnoclostridium sp. YL32",700,811
"s__Ottowia sp. oral taxon 894",698,812
"s__Sphingomonas sinipercae",698,813
"s__Fusobacterium canifelinum",697,814
"g__Tatlockia",695,815
"s__Tatlockia micdadei",695,816
"s__Prevotella copri",693,817
"g__Paenarthrobacter",692,818
"g__Hirschia",688,819
"s__Hirschia baltica",688,820
"s__Pseudomonas lactis",684,821
"c__Caldilineae",682,822
"f__Caldilineaceae",682,823
"g__Caldilinea",682,824
"g__Defluviimonas",682,825
"o__Caldilineales",682,826
"s__Caldilinea aerophila",682,827
"s__Defluviimonas alba",682,828
"g__Vitreoscilla",680,829
"s__Alistipes onderdonkii",680,830
"s__Vitreoscilla filiformis",680,831
"s__Cutibacterium granulosum",677,832
"c__Oligoflexia",675,833
"c__Nitrospira",671,834
"f__Nitrospiraceae",671,835
"o__Nitrospirales",671,836
"s__Clostridium isatidis",669,837
"f__unclassified-g__Plesiomonas",666,838
"g__Plesiomonas",666,839
"s__Archangium violaceum",666,840
"s__Plesiomonas shigelloides",666,841
"s__Pseudomonas agarici",663,842
"s__Pseudomonas lurida",663,843
"k__unclassified-p__Armatimonadetes",658,844
"p__Armatimonadetes",658,845
"s__Pseudomonas sp. RtIB026",656,846
"k__unclassified-p__Nitrospirae",655,847
"p__Nitrospirae",655,848
"s__Weissella hellenica",655,849
"f__Dipodascaceae",651,850
"g__Yarrowia",651,851
"s__Pseudomonas chlororaphis",651,852
"s__Yarrowia lipolytica",651,853
"s__Microbacterium esteraromaticum",650,854
"f__unclassified-g__Intestinimonas",649,855
"g__Intestinimonas",649,856
"s__Intestinimonas butyriciproducens",649,857
"s__Staphylococcus capitis",649,858
"s__Corynebacterium macginleyi",648,859
"s__Methylibium sp. Pch-M",647,860
"s__Mycobacterium kansasii",646,861
"s__Pseudomonas sp. SGAir0191",646,862
"f__unclassified-g__Inhella",642,863
"g__Inhella",642,864
"s__Inhella inkyongensis",642,865
"s__Microbacterium pygmaeum",641,866
"f__Azonexaceae",638,867
"g__Dechloromonas",638,868
"s__Eremothecium gossypii",636,869
"s__Pseudomonas sp. CC6-YY-74",635,870
"s__Oscillibacter sp. MM59",631,871
"g__Morganella",629,872
"s__Anaerococcus mediterraneensis",629,873
"s__Comamonas serinivorans",629,874
"s__Morganella morganii",629,875
"s__Achromobacter deleyi",627,876
"f__Jatrophihabitantaceae",626,877
"g__Jatrophihabitans",626,878
"o__Jatrophihabitantales",626,879
"s__Jatrophihabitans sp. GAS493",626,880
"s__Prevotella melaninogenica",626,881
"f__Iamiaceae",623,882
"s__Sphingosinithalassobacter sp. zrk23",623,883
"f__unclassified-g__Thiohalobacter",622,884
"g__Thiohalobacter",622,885
"s__Corynebacterium urealyticum",622,886
"s__Streptomyces sp. Tu6071",622,887
"s__Thiohalobacter thiocyanaticus",622,888
"s__Tsukamurella tyrosinosolvens",622,889
"s__Pseudomonas sp. SWI6",618,890
"s__Streptococcus ruminantium",617,891
"s__Ornithinimicrobium pratense",615,892
"s__Leptospira biflexa",613,893
"s__Streptomyces alfalfae",612,894
"s__Pseudomonas lundensis",611,895
"g__Terricaulis",610,896
"s__Terricaulis silvestris",610,897
"s__Corynebacterium variabile",608,898
"s__Microbacterium testaceum",602,899
"s__Streptococcus anginosus",601,900
"s__Pontibacter pudoricolor",599,901
"f__Gemmataceae",598,902
"o__Gemmatales",598,903
"s__Bacillus subtilis",595,904
"s__Bifidobacterium breve",593,905
"s__Microbacterium sediminis",593,906
"s__Sphingomonas alpina",592,907
"c__Tepidiformia",589,908
"f__Tepidiformaceae",589,909
"g__Tepidiforma",589,910
"o__Tepidiformales",589,911
"s__Corynebacterium casei",589,912
"s__Megasphaera elsdenii",589,913
"s__Tepidiforma bonchosmolovskayae",589,914
"o__Holosporales",587,915
"s__Streptomyces hawaiiensis",585,916
"s__Streptococcus thermophilus",584,917
"s__Prevotella intermedia",583,918
"s__Pseudomonas glycinae",582,919
"s__Schaalia meyeri",576,920
"s__Methylobacterium nodulans",574,921
"s__Streptococcus australis",573,922
"s__Pseudomonas alcaligenes",571,923
"g__Cyanobium",570,924
"s__Cyanobium sp. NIES-981",570,925
"s__Sphingomonas panacis",569,926
"c__unclassified-o__Chroococcidiopsidales",568,927
"f__Chroococcidiopsidaceae",568,928
"g__Chroococcidiopsis",568,929
"g__Halopiger",568,930
"g__Porphyrobacter",568,931
"o__Chroococcidiopsidales",568,932
"s__Chroococcidiopsis thermalis",568,933
"s__Halopiger xanaduensis",568,934
"g__Pajaroellobacter",567,935
"s__Pajaroellobacter abortibovis",567,936
"s__Prevotella oris",566,937
"g__Limnoglobus",565,938
"s__Limnoglobus roseus",565,939
"s__Bacteroides eggerthii",563,940
"g__Methylotenera",559,941
"s__Methylotenera versatilis",559,942
"c__unclassified-f__Unikaryonidae",558,943
"f__Unikaryonidae",558,944
"g__Encephalitozoon",558,945
"o__unclassified-f__Unikaryonidae",558,946
"p__Microsporidia",558,947
"s__Hydrogenophaga sp. BA0156",558,948
"f__Bryobacteraceae",557,949
"g__Paludibaculum",557,950
"o__Bryobacterales",557,951
"s__Paludibaculum fermentans",557,952
"c__Acidimicrobiia",555,953
"o__Acidimicrobiales",555,954
"g__Rhodothermus",554,955
"s__Rhodothermus marinus",554,956
"g__Roseococcus",553,957
"s__Naumovozyma dairenensis",553,958
"s__Roseococcus sp. NIBR12",553,959
"s__Staphylococcus arlettae",553,960
"g__Chivirus",550,961
"s__Salmonella phage TS13",550,962
"s__Comamonas kerstersii",547,963
"s__Lactococcus raffinolactis",546,964
"f__Trichomonascaceae",543,965
"g__Sugiyamaella",543,966
"s__Sugiyamaella lignohabitans",543,967
"s__Pseudomonas parafulva",541,968
"c__unclassified-o__Bacteroidetes",540,969
"f__Rhodothermaceae",540,970
"g__Gemmatimonas",540,971
"o__Bacteroidetes",540,972
"s__Comamonas testosteroni",540,973
"g__Ornithinimicrobium",539,974
"g__Solimonas",538,975
"s__Solimonas sp. K1W22B-7",538,976
"g__Alloprevotella",537,977
"s__Alloprevotella sp. E39",537,978
"g__Arachnia",535,979
"s__Arachnia rubra",535,980
"g__Limnohabitans",532,981
"s__Limnohabitans sp. 103DPR2",532,982
"g__Debaryomyces",531,983
"s__Debaryomyces hansenii",531,984
"g__Lancefieldella",528,985
"s__Lancefieldella parvula",528,986
"g__Caldibacillus",526,987
"g__Romboutsia",526,988
"s__Caldibacillus thermoamylovorans",526,989
"s__Romboutsia ilealis",526,990
"s__Corynebacterium frankenforstense",525,991
"f__Caulobacteraceae",524,992
"o__Caulobacterales",524,993
"s__Pseudomonas sp. XWY-1",524,994
"s__Cupriavidus pauculus",520,995
"g__Parvimonas",519,996
"s__Parvimonas micra",519,997
"s__Streptococcus periodonticum",519,998
"s__Corynebacterium sp. 1959",518,999
"s__Corynebacterium sanguinis",517,1000
"s__Rhodoferax sediminis",517,1001
"s__Cupriavidus necator",516,1002
"s__Methylobacterium sp. WL1",515,1003
"s__Streptococcus cristatus",515,1004
"s__Kingella oralis",514,1005
"s__Pseudomonas sp. St316",513,1006
"s__Cupriavidus metallidurans",512,1007
"g__Niabella",511,1008
"g__Peptacetobacter",511,1009
"s__Niabella soli",511,1010
"s__Peptacetobacter hiranonis",511,1011
"f__Sinobacteraceae",510,1012
"s__Sphingobacterium thalpophilum",510,1013
"c__Fimbriimonadia",509,1014
"f__Fimbriimonadaceae",509,1015
"g__Fimbriimonas",509,1016
"o__Fimbriimonadales",509,1017
"s__Fimbriimonas ginsengisoli",509,1018
"g__Caulifigura",507,1019
"s__Caulifigura coniformis",507,1020
"g__Rufibacter",506,1021
"s__Clostridium acetobutylicum",506,1022
"s__Rufibacter tibetensis",506,1023
"s__Streptomyces olivoreticuli",505,1024
"f__Trueperaceae",504,1025
"g__Truepera",504,1026
"o__Trueperales",504,1027
"s__Truepera radiovictrix",504,1028
"g__Chondromyces",503,1029
"s__Candidatus Pelagibacter sp. FZCC0015",503,1030
"s__Chondromyces crocatus",503,1031
"s__Comamonas sp. NLF-7-7",503,1032
"s__Pseudomonas sp. 02C 26",502,1033
"g__Cutibacterium",500,1034
"s__Erythrobacter sp. HKB08",500,1035
"s__Synechococcus sp. PCC 6312",500,1036
"g__Anaerobutyricum",499,1037
"s__Anaerobutyricum hallii",499,1038
"s__Corynebacterium jeikeium",499,1039
"s__Desulfovibrio fairfieldensis",498,1040
"s__Mycobacterium goodii",498,1041
"g__Dolosigranulum",495,1042
"s__Corynebacterium atypicum",495,1043
"s__Dolosigranulum pigrum",495,1044
"s__Saccharomyces cerevisiae",495,1045
"s__Acinetobacter sp. TTH0-4",494,1046
"s__Plantactinospora sp. KBS50",493,1047
"s__Hydrogenophaga sp. YM1",492,1048
"s__Sphingomonas sp. AP4-R1",489,1049
"f__Carnobacteriaceae",488,1050
"g__Sorangium",484,1051
"s__Frankia sp. QA3",484,1052
"s__Microbacterium sp. ABRD_28",484,1053
"s__Sorangium cellulosum",484,1054
"s__Lactobacillus delbrueckii",480,1055
"s__Methylobacterium durans",480,1056
"s__Leifsonia shinshuensis",478,1057
"s__Nitrospira moscoviensis",478,1058
"s__Bacteroides ovatus",477,1059
"g__Jonquetella",475,1060
"s__Jonquetella anthropi",475,1061
"s__Methylobacterium sp. C1",475,1062
"s__Listeria monocytogenes",472,1063
"s__Methylorubrum populi",472,1064
"s__Bifidobacterium pseudocatenulatum",471,1065
"g__Fretibacterium",470,1066
"s__Fretibacterium fastidiosum",470,1067
"s__Sphingomonas insulae",470,1068
"g__Chondrocystis",467,1069
"s__Chondrocystis sp. NIES-4102",467,1070
"s__Delftia sp. Cs1-4",465,1071
"s__Lachnoclostridium phocaeense",465,1072
"s__Rhodobacter capsulatus",465,1073
"f__Selenomonadaceae",462,1074
"o__Selenomonadales",462,1075
"s__Microbacterium hydrocarbonoxydans",458,1076
"s__[Ruminococcus] torques",457,1077
"s__Methylobacterium terrae",454,1078
"s__Clostridium botulinum",453,1079
"s__Oscillibacter sp. PEA192",452,1080
"s__Bacillus thuringiensis",450,1081
"s__Streptococcus pneumoniae",449,1082
"g__Pochonia",448,1083
"s__Clostridium baratii",448,1084
"s__Pochonia chlamydosporia",448,1085
"s__Pseudomonas oryzihabitans",447,1086
"s__Hymenobacter sp. BRD128",445,1087
"s__Staphylococcus felis",443,1088
"s__Streptococcus lutetiensis",443,1089
"s__Luteolibacter luteus",442,1090
"s__Nocardioides baekrokdamisoli",435,1091
"s__Ruminococcus bicirculans",435,1092
"s__Cronobacter condimenti",434,1093
"f__Verrucomicrobiaceae",431,1094
"g__Luteolibacter",431,1095
"s__Plasmodium coatneyi",431,1096
"s__Yersinia pestis",430,1097
"s__Corynebacterium coyleae",428,1098
"s__Erythrobacter sp. JK5",428,1099
"s__Campylobacter rectus",427,1100
"s__Streptococcus pyogenes",425,1101
"s__Ruminococcus sp. JE7A12",423,1102
"f__Actinopolymorphaceae",418,1103
"f__Tenuifilaceae",418,1104
"g__Actinopolymorpha",418,1105
"g__Tenuifilum",418,1106
"s__Actinopolymorpha singaporensis",418,1107
"s__Tenuifilum thalassicum",418,1108
"g__Eremothecium",416,1109
"s__Ottowia oryzae",416,1110
"s__Propionibacterium freudenreichii",416,1111
"g__Zygosaccharomyces",415,1112
"s__Achromobacter xylosoxidans",415,1113
"s__Zygosaccharomyces rouxii",415,1114
"s__Pseudomonas sp. RC3H12",414,1115
"s__Hymenobacter busanensis",413,1116
"g__Citricoccus",408,1117
"g__Ottowia",408,1118
"s__Citricoccus sp. SGAir0253",408,1119
"s__Streptomyces rimosus",408,1120
"s__Dietzia timorensis",406,1121
"g__Flavonifractor",405,1122
"s__Corynebacterium xerosis",405,1123
"s__Flavonifractor plautii",405,1124
"g__Bulleidia",404,1125
"s__Bulleidia sp. zg-1006",404,1126
"s__Moraxella catarrhalis",404,1127
"s__Bacillus sp. FJAT-42376",403,1128
"s__Cupriavidus gilardii",401,1129
"s__Fusobacterium sp. oral taxon 203",401,1130
"s__Pseudomonas luteola",401,1131
"s__Methylobacterium sp. AMS5",400,1132
"s__Proteus mirabilis",399,1133
"g__Ochrobactrum",398,1134
"s__Stenotrophomonas sp. NA06056",398,1135
"s__Myroides odoratus",397,1136
"s__Corynebacterium segmentosum",396,1137
"s__Microbacterium hominis",393,1138
"c__Spartobacteria",390,1139
"s__Candidatus Xiphinematobacter sp. Idaho Grape",390,1140
"o__Nevskiales",389,1141
"s__Corynebacterium matruchotii",388,1142
"s__Prevotella dentalis",388,1143
"s__Streptococcus dysgalactiae",388,1144
"s__Corynebacterium glyciniphilum",387,1145
"g__Thermothelomyces",385,1146
"s__Pseudomonas taiwanensis",385,1147
"s__Streptomyces tsukubensis",385,1148
"s__Thermothelomyces thermophilus",385,1149
"s__Clostridium sp. AWRP",384,1150
"s__Parabacteroides merdae",383,1151
"s__Kocuria sp. KD4",382,1152
"s__Leptotrichia trevisanii",382,1153
"s__Methylobacterium oryzae",382,1154
"s__Enterocloster clostridioformis",381,1155
"s__Bifidobacterium dentium",379,1156
"s__Methylobacterium radiotolerans",378,1157
"s__Prevotella sp. oral taxon 299",378,1158
"s__Bifidobacterium adolescentis",374,1159
"s__Corynebacterium propinquum",374,1160
"s__Pseudomonas plecoglossicida",374,1161
"s__Microbacterium chengjingii",372,1162
"s__Staphylococcus saprophyticus",372,1163
"s__Blautia argi",371,1164
"c__Rubrobacteria",370,1165
"f__Rubrobacteraceae",370,1166
"g__Rubrobacter",370,1167
"o__Rubrobacterales",370,1168
"s__Rubrobacter sp. SCSIO 52909",370,1169
"g__Odoribacter",368,1170
"s__Leptotrichia sp. oral taxon 212",368,1171
"s__Odoribacter splanchnicus",368,1172
"s__Amycolatopsis sp. CA-230715",365,1173
"s__Enterobacter sp. JUb54",365,1174
"g__Scheffersomyces",364,1175
"s__Scheffersomyces stipitis",364,1176
"s__Pseudomonas sp. AN-B15",362,1177
"s__Clostridium intestinale",360,1178
"s__Pseudomonas monteilii",359,1179
"s__Acinetobacter lwoffii",357,1180
"s__Alcaligenes faecalis",357,1181
"s__Staphylococcus pasteuri",357,1182
"s__Staphylococcus pettenkoferi",357,1183
"f__Archangiaceae",355,1184
"s__Pseudomonas sp. DG56-2",355,1185
"s__Porphyromonas gingivalis",352,1186
"s__Delftia tsuruhatensis",351,1187
"s__Klebsiella pneumoniae",351,1188
"g__Nitrospira",350,1189
"s__Arachidicoccus sp. B3-10",350,1190
"s__Pseudomonas poae",349,1191
"g__Dysosmobacter",348,1192
"s__Dysosmobacter sp. Marseille-Q4140",348,1193
"f__Polyangiaceae",347,1194
"s__Burkholderia mallei",347,1195
"s__Sphingomonas hengshuiensis",346,1196
"s__Treponema denticola",346,1197
"s__Oscillibacter sp. MM50",343,1198
"s__Porphyromonas cangingivalis",341,1199
"g__unclassified-s__Mycobacterium phage Saguaro",338,1200
"s__Clostridium sp. 'deep sea'",338,1201
"s__Mycobacterium phage Saguaro",338,1202
"s__Lactobacillus johnsonii",335,1203
"g__Alloactinosynnema",332,1204
"s__Alloactinosynnema sp. L-07",332,1205
"g__Parachlamydia",331,1206
"s__Parachlamydia acanthamoebae",331,1207
"s__Pseudomonas yamanorum",331,1208
"s__Clostridium thermarum",330,1209
"s__Cupriavidus sp. EM10",330,1210
"s__Meiothermus silvanus",329,1211
"g__Lachnoanaerobaculum",325,1212
"s__Actinoplanes sp. OR16",325,1213
"s__Lachnoanaerobaculum umeaense",325,1214
"s__Leptotrichia hongkongensis",325,1215
"s__Saccharomyces eubayanus",324,1216
"s__Clostridium tetani",322,1217
"s__Micrococcus luteus",320,1218
"f__Prochloraceae",319,1219
"g__Prochlorococcus",319,1220
"s__Akkermansia muciniphila",319,1221
"s__Cupriavidus oxalaticus",319,1222
"s__Veillonella atypica",319,1223
"g__Ogataea",317,1224
"s__Ogataea parapolymorpha",317,1225
"s__[Clostridium] scindens",314,1226
"s__Pseudomonas multiresinivorans",313,1227
"s__Staphylococcus argenteus",312,1228
"g__Tannerella",311,1229
"s__Tannerella sp. oral taxon HOT-286",311,1230
"s__Campylobacter ureolyticus",310,1231
"s__Bifidobacterium longum",309,1232
"g__Diaphorobacter",308,1233
"f__unclassified-g__Methylibium",307,1234
"g__Methylibium",307,1235
"s__Myroides profundi",307,1236
"s__Acinetobacter venetianus",306,1237
"s__Rothia dentocariosa",302,1238
"g__Zygotorulaspora",299,1239
"s__Clostridium pasteurianum",299,1240
"s__Zygotorulaspora mrakii",299,1241
"s__Enterococcus faecalis",297,1242
"s__Plasmodium yoelii",295,1243
"s__Leptotrichia buccalis",294,1244
"s__Acinetobacter haemolyticus",293,1245
"s__Nocardioides aquaticus",291,1246
"s__Acinetobacter radioresistens",290,1247
"s__Bacillus amyloliquefaciens",290,1248
"g__Olsenella",288,1249
"s__Corynebacterium kroppenstedtii",288,1250
"s__Lactococcus lactis",288,1251
"g__Hyphomicrobium",286,1252
"s__Pseudomonas stutzeri",285,1253
"g__Cedecea",284,1254
"s__Enterobacter hormaechei",283,1255
"c__Synergistia",281,1256
"f__Synergistaceae",281,1257
"g__Defluviicoccus",281,1258
"k__unclassified-p__Synergistetes",281,1259
"o__Synergistales",281,1260
"p__Synergistetes",281,1261
"s__Defluviicoccus vanus",281,1262
"s__Pyrobaculum neutrophilum",279,1263
"g__Singulisphaera",278,1264
"s__Singulisphaera acidiphila",278,1265
"s__Kazachstania naganishii",276,1266
"g__Rhodoferax",275,1267
"s__Corynebacterium sp. NML98-0116",273,1268
"s__Corynebacterium efficiens",272,1269
"g__Proteus",271,1270
"g__Trypanosoma",271,1271
"s__Mycobacterium grossiae",271,1272
"s__Trypanosoma brucei",271,1273
"g__Mobiluncus",270,1274
"g__Saccharomyces",270,1275
"s__Leptotrichia hofstadii",270,1276
"s__Mobiluncus curtisii",270,1277
"g__Cloacibacterium",269,1278
"s__Cloacibacterium caeni",269,1279
"s__Fusobacterium hwasookii",269,1280
"g__Phocaeicola",267,1281
"s__Phocaeicola vulgatus",267,1282
"s__Stenotrophomonas maltophilia",267,1283
"s__Clostridium perfringens",266,1284
"s__Rothia mucilaginosa",265,1285
"s__Corynebacterium kefirresidentii",264,1286
"s__Sandaracinus amylolyticus",264,1287
"s__Corynebacterium ureicelerivorans",263,1288
"s__Candida dubliniensis",261,1289
"g__Eggerthella",260,1290
"g__Kazachstania",260,1291
"s__Kocuria varians",256,1292
"g__Glaesserella",254,1293
"s__Glaesserella sp. 15-184",254,1294
"s__Microbacterium sp. No. 7",254,1295
"s__Porphyromonas asaccharolytica",254,1296
"f__Pyriculariaceae",253,1297
"g__Pyricularia",253,1298
"o__Magnaporthales",253,1299
"f__Odoribacteraceae",252,1300
"g__Grimontia",252,1301
"s__Grimontia hollisae",252,1302
"s__Enterocloster bolteae",251,1303
"s__Leishmania major",251,1304
"g__Swingsia",250,1305
"f__Akkermansiaceae",248,1306
"g__Akkermansia",248,1307
"g__Salinicola",247,1308
"s__Salinicola tamaricis",247,1309
"s__Candida orthopsilosis",246,1310
"s__Corynebacterium amycolatum",246,1311
"f__Hyphomonadaceae",245,1312
"o__Hyphomonadales",245,1313
"s__Bifidobacterium thermophilum",245,1314
"f__unclassified-g__Leptothrix",244,1315
"g__Leptothrix",244,1316
"s__Leptothrix cholodnii",244,1317
"s__Candida albicans",242,1318
"f__Oxalobacteraceae",240,1319
"g__Roseomonas",239,1320
"s__Delftia lacustris",238,1321
"g__Mycobacteroides",236,1322
"f__Frankiaceae",234,1323
"g__Frankia",234,1324
"o__Frankiales",234,1325
"s__Cryptococcus gattii VGI",233,1326
"s__Pyricularia pennisetigena",230,1327
"s__Cryptococcus neoformans",228,1328
"s__[Ruminococcus] gnavus",227,1329
"s__Streptomyces sp. CdTB01",226,1330
"g__Hydrogenophaga",225,1331
"s__Fusobacterium pseudoperiodonticum",225,1332
"f__Rhodospirillaceae",224,1333
"s__Corynebacterium incognita",224,1334
"g__Amycolatopsis",223,1335
"s__Kocuria rhizophila",222,1336
"g__Nakaseomyces",221,1337
"s__[Candida] glabrata",221,1338
"g__Eikenella",215,1339
"s__Eikenella corrodens",215,1340
"s__Moraxella osloensis",215,1341
"g__Streptosporangium",214,1342
"s__Streptosporangium sp. 'caverna'",214,1343
"g__Kingella",211,1344
"s__Mannheimia sp. USDA-ARS-USMARC-1261",211,1345
"s__Rothia terrae",210,1346
"s__Sphaerospermopsis torques-reginae",210,1347
"g__Gemmatirosa",209,1348
"s__Gemmatirosa kalamazoonesis",209,1349
"s__Rothia kristinae",206,1350
"s__Veillonella parvula",206,1351
"s__Pseudomonas syringae group genomosp. 3",205,1352
"s__Sphingosinithalassobacter sp. CS137",205,1353
"f__Debaryomycetaceae",203,1354
"g__Paeniclostridium",198,1355
"s__Paeniclostridium sordellii",198,1356
"g__Ethanoligenens",197,1357
"s__Ethanoligenens harbinense",197,1358
"g__Abiotrophia",196,1359
"s__Abiotrophia defectiva",196,1360
"s__Hydrogenophaga sp. PAMC20947",196,1361
"s__Empedobacter falsenii",195,1362
"f__unclassified-g__Sphaerotilus",194,1363
"g__Gardnerella",194,1364
"g__Sphaerotilus",194,1365
"s__Haemophilus influenzae",194,1366
"s__Sphaerotilus natans",194,1367
"g__Megasphaera",192,1368
"s__Aspergillus puulaauensis",192,1369
"s__Gardnerella vaginalis",192,1370
"s__Bacteroides uniformis",190,1371
"g__Alcaligenes",188,1372
"g__Candida",184,1373
"g__Meiothermus",184,1374
"s__Erysipelothrix inopinata",179,1375
"f__Theileriidae",178,1376
"g__Theileria",178,1377
"s__Theileria equi",178,1378
"o__Streptosporangiales",177,1379
"g__Faecalibacterium",175,1380
"s__Faecalibacterium prausnitzii",175,1381
"s__Streptococcus sp. KS 6",173,1382
"c__Tremellomycetes",171,1383
"f__Cryptococcaceae",171,1384
"g__Cryptococcus",171,1385
"o__Tremellales",171,1386
"s__Sphingobacterium spiritivorum",168,1387
"s__Microbacterium sp. A18JL241",167,1388
"s__Nostoc sp. NIES-4103",164,1389
"s__Corynebacterium striatum",162,1390
"f__Rountreeviridae",161,1391
"g__Desulfovibrio",160,1392
"g__Pyrobaculum",160,1393
"f__Geodermatophilaceae",158,1394
"g__Blastococcus",158,1395
"o__Geodermatophilales",158,1396
"s__Blastococcus saxobsidens",158,1397
"s__Sphingobacterium sp. CZ-2",158,1398
"g__Anaerococcus",156,1399
"s__Lactococcus cremoris",152,1400
"s__Staphylococcus auricularis",152,1401
"s__Clostridium beijerinckii",151,1402
"s__Corynebacterium suranareeae",148,1403
"f__Coxiellaceae",147,1404
"s__Nostoc sp. CENA543",147,1405
"g__Actinoplanes",145,1406
"g__Peptoniphilus",144,1407
"s__Enterococcus cecorum",144,1408
"s__Peptoniphilus harei",144,1409
"f__Methylophilaceae",143,1410
"f__Pelagibacteraceae",143,1411
"s__Kitasatospora albolonga",141,1412
"s__Acinetobacter sp. MYb10",140,1413
"g__Enterocloster",139,1414
"f__Ornithinimicrobiaceae",137,1415
"s__Pseudomonas tolaasii",137,1416
"s__Pseudomonas putida",134,1417
"s__Serratia grimesii",134,1418
"g__Rhodobacter",133,1419
"c__Gemmatimonadetes",131,1420
"f__Gemmatimonadaceae",131,1421
"k__unclassified-p__Gemmatimonadetes",131,1422
"o__Gemmatimonadales",131,1423
"p__Gemmatimonadetes",131,1424
"s__Acinetobacter johnsonii",130,1425
"g__Parabacteroides",128,1426
"s__Streptococcus sp. A12",126,1427
"o__Candidatus",125,1428
"s__Providencia sneebia",125,1429
"c__Verrucomicrobiae",124,1430
"o__Verrucomicrobiales",124,1431
"s__Bifidobacterium pseudolongum",124,1432
"g__Ruminococcus",123,1433
"s__Gardnerella leopoldii",122,1434
"g__Rubripirellula",120,1435
"s__Burkholderia pseudomallei",120,1436
"s__Rubripirellula lacrimiformis",120,1437
"c__Chlorarachniophyceae",118,1438
"f__Nocardiaceae",118,1439
"f__unclassified-g__Bigelowiella",118,1440
"g__Bigelowiella",118,1441
"g__Mediterraneibacter",118,1442
"g__Nocardia",118,1443
"k__unclassified-p__Cercozoa",118,1444
"o__unclassified-g__Bigelowiella",118,1445
"p__Cercozoa",118,1446
"s__Anaerococcus prevotii",118,1447
"s__Bigelowiella natans",118,1448
"s__Streptococcus constellatus",116,1449
"s__Bifidobacterium subtile",115,1450
"s__Methylobacterium radiodurans",115,1451
"g__Myroides",113,1452
"s__Leptotrichia wadei",113,1453
"s__Moraxella nonliquefaciens",113,1454
"g__Pseudonocardia",106,1455
"s__Fusarium verticillioides",106,1456
"g__Mannheimia",104,1457
"s__Roseomonas sp. FDAARGOS_362",104,1458
"g__Veillonella",103,1459
"s__Fusobacterium periodonticum",103,1460
"f__unclassified-g__Gemella",99,1461
"g__Gemella",99,1462
"s__Weissella ceti",99,1463
"s__Salmonella enterica",98,1464
"f__Candidatus",96,1465
"s__Plasmodium vinckei",96,1466
"s__Vibrio anguillarum",95,1467
"f__Rikenellaceae",94,1468
"g__Alistipes",94,1469
"s__Escherichia coli",93,1470
"g__Besnoitia",87,1471
"s__Besnoitia besnoiti",87,1472
"s__Staphylococcus warneri",87,1473
"f__Prochlorotrichaceae",82,1474
"g__Halomicronema",82,1475
"g__Lichenicola",82,1476
"s__Corynebacterium epidermidicanis",82,1477
"s__Halomicronema hongdechloris",82,1478
"s__Lichenicola cladoniae",82,1479
"f__Sandaracinaceae",81,1480
"g__Sandaracinus",81,1481
"g__Actinomyces",80,1482
"g__Lachnoclostridium",80,1483
"s__Corynebacterium tuberculostearicum",78,1484
"s__Fusobacterium nucleatum",78,1485
"s__Fusobacterium mortiferum",76,1486
"o__Pelagibacterales",73,1487
"s__Corynebacterium glucuronolyticum",71,1488
"f__Peptostreptococcaceae",67,1489
"g__Salmonella",67,1490
"c__Eurotiomycetes",65,1491
"f__Aspergillaceae",65,1492
"g__Aspergillus",65,1493
"o__Eurotiales",65,1494
"f__Isosphaeraceae",64,1495
"o__Isosphaerales",64,1496
"f__Chroococcaceae",63,1497
"f__Fulvivirgaceae",63,1498
"s__Acinetobacter baumannii",63,1499
"s__Sphingobacterium lactis",63,1500
"f__Treponemataceae",61,1501
"g__Treponema",61,1502
"g__Sphingosinithalassobacter",60,1503
"s__Plasmodium sp. gorilla clade G2",60,1504
"f__Thermoproteaceae",59,1505
"o__Thermoproteales",59,1506
"s__Leishmania mexicana",59,1507
"f__Porphyromonadaceae",57,1508
"g__Micrococcus",57,1509
"g__Porphyromonas",57,1510
"g__Sphaerospermopsis",55,1511
"o__Rhodocyclales",54,1512
"s__Candidatus Profftella armatura",53,1513
"f__Thermaceae",52,1514
"g__Tenacibaculum",52,1515
"o__Thermales",52,1516
"c__Deinococci",51,1517
"g__Maioricimonas",51,1518
"k__unclassified-p__Deinococcus",51,1519
"p__Deinococcus",51,1520
"s__Maioricimonas rarisocia",51,1521
"f__Desulfovibrionaceae",50,1522
"g__Prevotella",49,1523
"s__Mycobacterium ulcerans",49,1524
"f__Tannerellaceae",48,1525
"g__Methanobrevibacter",48,1526
"k__unclassified-p__Chloroflexi",48,1527
"p__Chloroflexi",48,1528
"g__Bordetella",46,1529
"f__Eubacteriaceae",44,1530
"g__Eubacterium",44,1531
"s__Delftia acidovorans",44,1532
"s__Staphylococcus caprae",44,1533
"c__Chlamydiia",41,1534
"g__Comamonas",41,1535
"k__unclassified-p__Chlamydiae",41,1536
"p__Chlamydiae",41,1537
"s__Mycobacterium sp. DL592",41,1538
"s__Staphylococcus lugdunensis",41,1539
"f__Propionibacteriaceae",40,1540
"s__Staphylococcus sp. 11-B-312",40,1541
"o__Desulfovibrionales",39,1542
"s__Clostridium sp. JN-9",39,1543
"s__Clostridium sp. CT4",38,1544
"s__Pseudomonas aeruginosa",38,1545
"g__Thermothielavioides",37,1546
"s__Thermothielavioides terrestris",37,1547
"f__Dietziaceae",36,1548
"g__Dietzia",36,1549
"c__Tissierellia",35,1550
"f__Aerococcaceae",35,1551
"f__Peptoniphilaceae",35,1552
"g__Moraxella",35,1553
"o__Tissierellales",35,1554
"s__Streptococcus mutans",34,1555
"f__Prevotellaceae",33,1556
"g__Ustilago",33,1557
"s__Clostridium saccharobutylicum",33,1558
"s__Ustilago maydis",33,1559
"f__Rhodanobacteraceae",32,1560
"f__Hyphomicrobiaceae",31,1561
"f__unclassified-s__endosymbiont of unidentified scaly snail isolate Monju",31,1562
"g__unclassified-s__endosymbiont of unidentified scaly snail isolate Monju",31,1563
"k__unclassified-p__Candidatus",31,1564
"o__unclassified-s__endosymbiont of unidentified scaly snail isolate Monju",31,1565
"p__Candidatus",31,1566
"s__endosymbiont of unidentified scaly snail isolate Monju",31,1567
"s__Comamonas piscis",29,1568
"s__Corynebacterium diphtheriae",29,1569
"s__Acinetobacter guillouiae",28,1570
"g__Rhodocytophaga",27,1571
"s__Rhodocytophaga rosea",27,1572
"s__Sodalis sp. dw_23",27,1573
"s__Sphingomonas sp. DH-S5",27,1574
"s__Stenotrophomonas sp. ZAC14D2_NAIMI4_6",25,1575
"c__unclassified-g__Candidatus",23,1576
"f__Erysipelotrichaceae",23,1577
"s__Kocuria indica",23,1578
"s__Dysgonomonas sp. HDW5B",22,1579
"s__Streptomyces murinus",22,1580
"s__Kocuria flava",21,1581
"f__Babesiidae",20,1582
"g__Babesia",20,1583
"g__Sporisorium",20,1584
"s__Babesia bovis",20,1585
"s__Fusobacterium varium",20,1586
"s__Sporisorium graminicola",20,1587
"c__Erysipelotrichia",19,1588
"g__Achromobacter",19,1589
"g__Chryseolinea",19,1590
"g__Pandoraea",19,1591
"g__Pontimonas",19,1592
"o__Erysipelotrichales",19,1593
"s__Chryseolinea soli",19,1594
"s__Pontimonas salivibrio",19,1595
"f__Chaetomiaceae",18,1596
"g__Kitasatospora",17,1597
"g__Oscillibacter",16,1598
"s__Kocuria turfanensis",15,1599
"c__unclassified-o__Diplomonadida",14,1600
"f__Hexamitidae",14,1601
"g__Gammaretrovirus",14,1602
"g__Giardia",14,1603
"k__unclassified-p__Fornicata",14,1604
"o__Diplomonadida",14,1605
"p__Fornicata",14,1606
"s__Giardia intestinalis",14,1607
"g__Erythrobacter",13,1608
"s__Pasteurella multocida",13,1609
"s__Sphingomonas sanxanigenens",13,1610
"o__Chromatiales",12,1611
"o__Myxococcales",12,1612
"g__Escherichia",11,1613
"g__Plantactinospora",11,1614
"g__Rothia",11,1615
"c__Revtraviricetes",10,1616
"f__Retroviridae",10,1617
"k__Pararnavirae",10,1618
"o__Ortervirales",10,1619
"p__Artverviricota",10,1620
"s__Clostridium gasigenes",10,1621
"c__Leotiomycetes",9,1622
"c__unclassified-o__Chroococcales",9,1623
"f__Sclerotiniaceae",9,1624
"f__Sordariaceae",9,1625
"g__Botrytis",9,1626
"g__Neurospora",9,1627
"g__Pontibacter",9,1628
"o__Chroococcales",9,1629
"o__Helotiales",9,1630
"s__Botrytis cinerea",9,1631
"s__Neurospora crassa",9,1632
"c__Chitinophagia",8,1633
"f__Chitinophagaceae",8,1634
"k__unclassified-p__Thaumarchaeota",8,1635
"o__Chitinophagales",8,1636
"p__Thaumarchaeota",8,1637
"s__Kocuria rosea",8,1638
"c__Schizosaccharomycetes",7,1639
"f__Schizosaccharomycetaceae",7,1640
"g__Schizosaccharomyces",7,1641
"o__Schizosaccharomycetales",7,1642
"s__Schizosaccharomyces pombe",7,1643
"f__Halothiobacillaceae",6,1644
"g__Cronobacter",6,1645
"g__Halothiobacillus",6,1646
"g__Rosenblumvirus",6,1647
"g__unclassified-s__Vibrio phage ValB1MD-2",6,1648
"o__Piroplasmida",6,1649
"s__Corynebacterium callunae",6,1650
"s__Halothiobacillus sp. LS2",6,1651
"s__Vibrio phage ValB1MD-2",6,1652
"c__Thermoprotei",5,1653
"f__Halieaceae",5,1654
"g__Bacteroides",5,1655
"g__Lactobacillus",5,1656
"g__Pasteurella",5,1657
"k__unclassified-p__Crenarchaeota",5,1658
"o__Spirochaetales",5,1659
"p__Crenarchaeota",5,1660
"s__Stenotrophomonas sp. 364",5,1661
"f__Atopobiaceae",4,1662
"f__Hemiselmidaceae",4,1663
"g__Hemiselmis",4,1664
"o__Coriobacteriales",4,1665
"o__Cryptomonadales",4,1666
"s__Clostridium drakei",4,1667
"s__Fusarium venenatum",4,1668
"s__Hemiselmis andersenii",4,1669
"c__Cryptophyceae",3,1670
"c__Planctomycetia",3,1671
"f__Clavicipitaceae",3,1672
"f__Eggerthellaceae",3,1673
"f__Geminigeraceae",3,1674
"g__Brettanomyces",3,1675
"g__Elizabethkingia",3,1676
"g__Guillardia",3,1677
"g__Leishmania",3,1678
"g__Micromonospora",3,1679
"g__Orientia",3,1680
"g__Serratia",3,1681
"g__Ustilaginoidea",3,1682
"k__unclassified-c__Cryptophyceae",3,1683
"k__unclassified-p__Planctomycetes",3,1684
"o__Eggerthellales",3,1685
"o__Pyrenomonadales",3,1686
"p__Planctomycetes",3,1687
"p__unclassified-c__Cryptophyceae",3,1688
"s__Brettanomyces nanus",3,1689
"s__Guillardia theta",3,1690
"s__Orientia tsutsugamushi",3,1691
"s__Streptococcus lactarius",3,1692
"s__Ustilaginoidea virens",3,1693
"c__Agaricomycetes",2,1694
"c__Spirochaetia",2,1695
"f__Actinomycetaceae",2,1696
"f__Glomerellaceae",2,1697
"f__Marasmiaceae",2,1698
"f__Micromonosporaceae",2,1699
"f__Nectriaceae",2,1700
"f__Pseudonocardiaceae",2,1701
"g__Campylobacter",2,1702
"g__Colletotrichum",2,1703
"g__Fusarium",2,1704
"g__Haemophilus",2,1705
"g__Kocuria",2,1706
"g__Lactococcus",2,1707
"g__Marasmius",2,1708
"k__unclassified-p__Spirochaetes",2,1709
"o__Actinomycetales",2,1710
"o__Agaricales",2,1711
"o__Glomerellales",2,1712
"o__Micromonosporales",2,1713
"o__Pseudonocardiales",2,1714
"o__Sordariales",2,1715
"p__Spirochaetes",2,1716
"s__Bacillus cereus",2,1717
"s__Candidatus Nitrosoglobus terrae",2,1718
"s__Colletotrichum higginsianum",2,1719
"s__Corynebacterium lizhenjunii",2,1720
"s__Marasmius oreades",2,1721
"s__Plasmodium vivax",2,1722
"s__Pseudomonas sabulinigri",2,1723
"s__Pseudomonas umsongensis",2,1724
"s__Sphingobacterium sp. dk4302",2,1725
"s__Sphingomonas sp. XS-10",2,1726
"c__Ustilaginomycetes",1,1727
"f__Bacteroidaceae",1,1728
"f__Hymenobacteraceae",1,1729
"f__Leptospiraceae",1,1730
"f__Methylobacteriaceae",1,1731
"f__Ustilaginaceae",1,1732
"f__Veillonellaceae",1,1733
"g__Agrobacterium",1,1734
"g__Cupriavidus",1,1735
"g__Dickeya",1,1736
"g__Gorganvirus",1,1737
"g__Methylobacterium",1,1738
"g__Pichia",1,1739
"k__unclassified-p__Acidobacteria",1,1740
"o__Leptospirales",1,1741
"o__unclassified-g__Candidatus",1,1742
"o__Ustilaginales",1,1743
"o__Veillonellales",1,1744
"p__Acidobacteria",1,1745
"s__Acinetobacter calcoaceticus",1,1746
"s__Acinetobacter cumulans",1,1747
"s__Acinetobacter sp. WCHA45",1,1748
"s__Candidatus Coxiella mudrowiae",1,1749
"s__Corynebacterium sp. 1864",1,1750
"s__Methylobacterium sp. 17Sr1-1",1,1751
"s__Microbacterium caowuchunii",1,1752
"s__Pichia kudriavzevii",1,1753
"s__Proteus virus Isfahan",1,1754
"s__Weissella paramesenteroides",1,1755
